ID,Warehouse_block,Mode_of_Shipment,Customer_care_calls,Customer_rating,Cost_of_the_Product,Prior_purchases,Product_importance,Gender,Discount_offered,Weight_in_gms
8727,A,Ship,3,4,254,3,high,M,4,5830
5469,A,Road,6,5,301,5,medium,M,3,1628
1522,B,Flight,4,5,268,3,medium,M, *7 ,3622
7191,A,Ship,5,2,303,4,low,F,9,1224
6504,F,Ship,5,2,244,5,low,M,10,1699
1900,B,Road,2,5,104,7,low,M,12,1064
8253,A,Ship,5,2,158,3,low,M,4,4324
10397,C,Road,3,4,232,5,medium,M, *7 ,5653
10288,B,Flight,3,3,215,2,low,F,2,5661
9179,C,Flight,4,3,267,5,medium,F,9,1538
6488,F,Ship,4,3,242,2,low,M,3,4811
4729,D,Ship,4,3,180,3,medium,M,5,4038
4001,C,Ship,4,5,160,6,low,F,4,4684
55,D,Ship,4,3,203,3,high,M,12,3539
4972,B,Ship,2,5,259,3,low,M,3,4770
508,B,Ship,5,3,230,3,medium,F,3,2923
5098,B,Ship,5,4,202,5,low,F,6,5230
7963,D,Flight,5,3,274,6,medium,M, *7 ,1293
5033,C,Ship,6,5,249,4,low,F, *7 ,1274
8429,C,Ship,4,1,236,3,low,F, *7 ,4114
5224,B,Ship,5,1,257,4,medium,M,1,4924
2476,B,Flight,5,3,265,3,medium,M,30,2293
5945,C,Ship,2,5,286,6,medium,F,5,5490
5242,B,Ship,3,4,247,3,low,M,6,4873
5686,B,Ship,4,3,235,6,medium,M,2,4689
7271,C,Flight,4,3,155,3,high,F,2,4534
1932,F,Flight,4,1,210,2,medium,F, *7 ,3405
9288,F,Ship,3,5,150,2,medium,M,10,5187
6388,B,Ship,4,1,200,2,medium,F,5,5249
1344,F,Road,4,5,218,3,low,M,25,2682
4732,B,Ship,6,3,274,6,medium,F,2,4281
4892,F,Ship,3,4,197,2,low,F,3,4865
7835,C,Ship,4,3,234,3,medium,F,9,4868
5971,D,Ship,4,5,271,4,low,M,6,5078
2087,C,Ship,4,4,213,2,low,F,27,2938
7318,B,Ship,3,5,180,4,low,F,9,5105
3939,A,Ship,3,5,259,3,low,F,10,5978
4539,A,Ship,3,1,219,8,low,M,2,5334
9017,C,Road,6,3,127,3,medium,F, *7 ,5574
6033,A,Flight,6,3,283,5,medium,M,10,1483
5999,C,Ship,6,2,266,4,low,F,9,1220
8167,D,Ship,3,1,133,3,low,F,5,5213
1668,F,Ship,4,5,267,4,low,M,20,3132
2444,F,Road,2,5,116,3,low,F,3,1688
4353,A,Ship,5,1,134,2,low,M, *7 ,5646
821,C,Flight,3,1,186,3,medium,F,11,3800
6459,A,Ship,3,2,198,2,low,M,9,4250
7683,A,Flight,5,2,241,2,medium,M,9,4965
10594,B,Ship,2,5,188,2,medium,F,9,4610
5059,D,Road,4,4,216,2,low,F,4,5984
1910,F,Road,4,4,224,3,low,M,29,3623
6095,C,Ship,4,4,215,2,high,F,6,5238
1489,D,Road,4,3,164,3,low,M,28,1880
9275,C,Ship,4,3,225,2,medium,F,10,5523
10947,A,Road,4,2,252,5,medium,M, *7 ,1134
6215,C,Ship,6,5,295,4,medium,M,1,1159
3825,A,Road,4,2,245,2,low,M,1,5978
3400,B,Road,3,4,213,3,low,F,5,4535
269,C,Road,3,5,241,3,low,F,21,3078
6148,B,Road,2,1,185,6,medium,F, *7 ,4138
5092,B,Ship,4,4,157,3,medium,F,10,5041
6968,F,Road,4,1,169,4,low,M,1,5323
6433,D,Road,3,4,194,2,medium,M, *7 ,5553
5807,C,Ship,4,4,208,2,medium,F,6,4983
3867,A,Ship,2,2,157,2,medium,M,9,5875
7725,A,Ship,6,1,247,4,low,F,4,1623
3532,B,Ship,2,1,163,3,low,F,3,5873
2521,D,Ship,4,4,162,10,high,M,12,1583
10466,F,Ship,5,1,255,6,low,F,3,1014
8119,D,Ship,4,5,163,2,medium,F,10,5529
10298,F,Ship,4,3,166,4,medium,F,1,4536
5853,A,Ship,3,4,206,4,medium,M,2,4372
7790,F,Road,3,3,153,3,low,F,3,4829
3512,F,Ship,4,2,177,3,low,M, *7 ,4904
4795,D,Flight,3,3,272,8,high,M, *7 ,5257
2399,C,Ship,6,3,195,2,medium,M,21,3869
6058,B,Ship,3,5,186,2,medium,M, *7 ,5924
9880,B,Flight,6,3,245,4,low,F,3,1982
7440,F,Ship,3,5,146,10,low,M,9,4128
6456,F,Flight,5,2,161,3,low,M, *7 ,5804
5367,A,Ship,3,4,166,2,low,F,10,5258
5165,C,Ship,4,2,166,3,medium,F, *7 ,4758
5136,F,Ship,4,4,240,2,medium,F,4,5101
8439,A,Ship,6,5,246,5,high,F,3,4660
7695,A,Ship,3,5,159,2,high,F,6,4295
8787,A,Ship,5,1,213,2,high,F,10,5607
5383,D,Ship,3,3,166,2,medium,M,4,4254
10229,C,Ship,3,1,238,2,low,M,9,5158
9509,C,Ship,3,5,137,3,low,M,3,5497
5379,A,Ship,5,4,203,2,high,F,2,4190
5575,D,Ship,5,2,243,3,low,F, *7 ,4133
7661,C,Road,4,4,222,3,medium,M,4,5857
8216,F,Flight,3,3,158,2,medium,M, *7 ,4865
10304,F,Ship,4,2,259,2,high,F,10,5265
9933,A,Ship,4,2,228,5,low,F,3,1473
10754,F,Ship,4,5,245,5,low,M, *7 ,1841
6716,F,Flight,6,4,221,5,medium,M, *7 ,4511
6414,F,Road,4,2,146,3,low,F,4,5659
4536,F,Flight,5,3,198,3,low,F,6,5061
3730,B,Ship,4,3,146,3,low,F, *7 ,5673
10125,A,Road,6,2,269,6,medium,M,4,4423
4342,B,Ship,5,3,260,2,low,M,10,5633
10985,C,Ship,5,1,257,5,medium,M,1,1102
5166,F,Ship,5,5,171,3,low,M, *7 ,4227
8264,F,Ship,7,1,289,4,low,F,4,1543
9902,F,Ship,3,5,214,2,medium,F,6,4578
9629,C,Ship,6,1,286,4,medium,M,10,1177
6763,D,Ship,2,1,277,6,low,M,10,4165
5624,F,Flight,2,1,226,2,medium,F,1,5576
6477,A,Ship,3,2,261,8,low,F,3,5171
8455,D,Ship,2,4,176,3,low,M,1,4509
9787,D,Ship,4,4,180,3,low,M,3,5031
4020,F,Ship,3,5,226,3,low,M, *7 ,5203
6887,C,Ship,6,3,278,4,high,F,3,1033
3587,C,Ship,4,2,210,2,high,F,3,5876
6500,F,Ship,6,1,287,4,medium,F,1,1581
7553,C,Ship,4,2,220,2,low,F,6,5543
6864,F,Flight,6,3,297,4,medium,M,1,1080
1615,D,Ship,5,2,111,5,medium,M,3,1711
10290,F,Flight,5,5,156,2,low,F, *7 ,4817
10407,A,Road,5,5,239,6,low,F,1,1984
5154,F,Ship,3,4,162,2,medium,F, *7 ,4972
4043,C,Ship,2,3,187,3,medium,F,6,5547
5954,F,Ship,5,1,233,7,medium,F,5,5759
9657,A,Ship,7,2,301,4,low,M,1,1339
7819,D,Flight,2,2,215,5,medium,M,3,5185
285,A,Flight,5,5,230,3,low,F,32,3249
3181,D,Ship,4,2,223,3,low,M, *7 ,4026
7252,B,Road,3,1,190,3,low,F,1,5065
4239,A,Road,2,5,273,2,high,M,5,4236
9988,B,Road,3,5,244,5,medium,F,10,4163
8123,C,Ship,6,3,155,2,medium,F,1,4182
9483,A,Ship,3,3,126,6,low,M, *7 ,5084
8438,F,Ship,5,1,267,4,low,M,5,5792
6563,C,Road,4,3,256,5,low,F,5,1533
10620,F,Ship,4,1,270,2,low,M,4,4369
4537,D,Flight,4,2,266,3,high,M,1,5532
8091,A,Flight,3,1,245,3,low,F,4,5449
5260,B,Ship,7,5,281,4,low,M, *7 ,1987
9135,A,Ship,6,1,289,4,low,M,3,1181
8153,C,Ship,4,5,254,3,medium,F,3,4404
7256,F,Road,4,1,152,2,high,M,2,5396
7326,F,Ship,3,2,239,4,medium,F,10,4410
9443,C,Road,5,4,217,5,low,F, *7 ,1803
4719,A,Ship,3,4,225,4,low,F, *7 ,5209
2519,C,Ship,3,4,175,3,medium,M,4,1519
8892,F,Road,5,3,240,5,low,M,4,1389
3176,F,Ship,2,3,134,3,low,M,6,4444
7328,F,Ship,3,3,165,2,low,M, *7 ,5813
10056,F,Ship,3,5,171,3,medium,M,5,4075
9810,F,Ship,2,4,246,2,low,M,10,5337
10763,C,Ship,5,2,253,5,medium,M,6,1326
8518,B,Ship,4,4,183,4,low,F,6,4562
1156,B,Ship,4,3,173,2,low,F,10,1179
321,A,Ship,3,4,224,2,medium,F,15,2701
6166,B,Flight,5,5,267,3,medium,M,9,4775
3123,A,Ship,4,1,237,4,medium,F,22,2231
8547,A,Ship,2,5,212,2,high,F,3,4389
10435,D,Ship,3,5,286,6,high,M, *7 ,4777
10775,C,Ship,4,1,272,5,medium,F,1,1149
8981,C,Ship,4,3,249,3,low,M,4,4811
2478,F,Flight,5,2,209,4,medium,M,15,3330
1310,F,Ship,4,3,197,3,low,F,20,3617
4031,C,Ship,3,2,154,2,medium,M,4,5864
6367,D,Ship,3,5,227,3,high,M,9,4892
6987,A,Flight,3,2,223,4,medium,M,3,5374
6076,B,Ship,3,1,230,3,medium,M,3,4957
247,D,Ship,2,3,139,3,low,F,3,1788
1764,F,Road,3,5,286,3,medium,F,12,3817
5903,C,Flight,3,5,162,2,high,M,1,4573
2895,A,Ship,3,4,98,2,low,F,32,1539
3901,D,Ship,3,2,220,3,medium,M, *7 ,4148
10472,F,Ship,4,3,233,5,low,M,4,1668
8232,F,Flight,4,2,256,4,low,F, *7 ,5571
6909,A,Ship,6,1,273,4,low,M,6,1561
1494,F,Road,4,5,153,3,low,M,10,1183
3390,F,Ship,4,5,256,3,medium,M,10,4504
9054,F,Flight,4,2,238,2,low,M,1,5229
916,B,Ship,4,1,258,3,medium,M,3,3928
3931,D,Ship,4,5,117,5,medium,F,1,4378
4813,D,Ship,6,4,300,4,low,F, *7 ,1301
1589,C,Ship,5,4,185,4,medium,M,31,3565
9341,C,Ship,3,2,177,3,low,F,5,5941
5040,F,Ship,6,5,275,4,low,M, *7 ,1553
2362,B,Ship,3,2,165,3,low,F,19,1111
242,F,Ship,2,4,140,3,low,F,33,1278
10332,F,Ship,4,5,161,3,medium,F,2,5378
8965,D,Ship,5,1,185,3,medium,F, *7 ,4855
4560,F,Ship,6,2,244,4,low,F,4,1245
6334,B,Ship,3,4,269,2,medium,M,2,4177
271,D,Flight,3,2,209,5,medium,F,12,3054
10756,B,Ship,4,1,300,5,medium,M,6,1027
7016,F,Ship,4,1,249,3,low,M,4,5253
9406,B,Ship,6,2,309,4,medium,F, *7 ,1930
9035,C,Road,3,1,162,4,medium,F,4,5683
7144,B,Ship,4,4,245,6,low,F,6,1437
5821,D,Ship,3,1,192,3,low,F,4,5179
6842,F,Road,3,4,207,2,low,M,6,5852
2275,D,Ship,5,2,157,2,low,M,32,1497
6580,B,Flight,5,5,240,6,medium,F,9,1117
4581,A,Ship,3,1,237,2,low,M,9,4626
3937,D,Ship,3,5,137,2,low,F,6,5709
8895,A,Road,5,5,253,5,low,F,4,1482
8583,A,Ship,5,5,271,2,medium,M,6,4788
4015,D,Ship,4,1,234,3,low,F, *7 ,4996
7197,A,Ship,4,2,235,6,low,M,6,1386
10395,A,Road,4,1,170,10,medium,F,3,5211
4711,D,Ship,4,2,224,2,medium,F, *7 ,4781
9677,C,Ship,6,2,259,4,low,M,5,1771
2787,A,Ship,3,5,206,3,medium,M,21,3746
9110,F,Ship,5,4,231,2,medium,F, *7 ,5491
9586,B,Flight,2,4,184,5,medium,M,9,5812
6335,C,Ship,2,2,226,3,low,M,5,5875
9749,C,Ship,4,2,144,4,medium,F,2,4316
8320,B,Ship,7,3,286,4,low,M,2,1712
9312,F,Flight,3,2,204,2,high,M, *7 ,4562
9318,F,Flight,5,2,217,2,medium,F,6,4120
8136,F,Ship,6,2,213,2,medium,F, *7 ,5415
1162,B,Ship,5,2,167,8,low,M,28,1921
422,F,Flight,4,2,251,2,medium,M,24,2405
9161,C,Road,4,3,274,5,low,F,3,1637
8750,F,Road,4,2,133,3,medium,F,5,5950
9519,A,Ship,3,3,154,4,high,F,2,4921
8184,F,Ship,5,3,246,2,medium,F,1,4533
3568,B,Flight,4,1,233,2,low,M,9,4799
6750,F,Ship,5,3,173,3,low,M,5,5395
10937,C,Road,5,3,257,5,medium,M, *7 ,1981
7210,B,Ship,6,3,265,5,medium,M,10,1897
3954,F,Road,6,4,253,2,low,F,9,5972
5960,F,Ship,3,4,133,8,medium,F,10,5439
1356,F,Road,3,4,218,3,medium,F,4,3534
6365,C,Ship,2,4,221,3,low,F,3,4076
10826,F,Flight,4,4,258,3,medium,M, *7 ,5324
7987,D,Ship,4,1,233,7,medium,M, *7 ,4272
10863,A,Ship,6,4,242,3,medium,M,9,5920
9465,A,Flight,5,2,233,3,medium,F,10,4233
8992,B,Ship,3,4,236,4,high,F,9,4744
8748,F,Road,5,5,221,3,medium,M,9,5295
9361,D,Ship,7,2,244,4,medium,F, *7 ,1477
9015,A,Ship,4,5,137,2,low,M,6,4055
9212,F,Ship,3,2,151,2,low,F,3,4759
10928,F,Ship,5,3,219,5,low,M, *7 ,1993
8958,F,Ship,5,3,182,4,medium,M,5,4770
4589,C,Ship,3,4,166,3,medium,F, *7 ,4369
8908,B,Flight,2,2,310,3,low,M,1,1549
9472,B,Ship,5,3,194,3,low,M, *7 ,5545
3817,D,Road,4,4,157,2,medium,M, *7 ,5398
10773,A,Ship,4,4,229,5,medium,F, *7 ,1716
7709,C,Ship,4,4,206,4,medium,F,9,1074
9795,A,Ship,5,1,226,2,medium,M,6,5395
1825,D,Ship,4,5,260,3,low,F,14,2071
7462,B,Ship,5,1,261,5,low,M,5,1837
7745,C,Ship,5,3,243,5,low,F,9,1312
5376,F,Ship,3,5,271,4,low,M,3,5831
7856,F,Ship,4,5,209,3,low,F,6,5899
5421,A,Ship,3,3,234,3,low,F, *7 ,4839
4219,D,Ship,3,5,243,3,medium,F,5,4383
5655,A,Ship,5,2,266,2,low,M,3,4030
3418,B,Road,5,3,194,4,low,F,2,5396
5551,D,Ship,3,5,145,2,low,F,2,4232
8783,C,Flight,3,2,273,3,high,M, *7 ,5754
6288,F,Road,5,2,254,5,medium,M,6,1002
8304,F,Ship,3,1,274,2,high,M,2,4352
3319,D,Ship,3,2,254,2,low,M,1,4334
3371,C,Ship,4,5,151,4,medium,M,3,5470
8755,D,Road,6,4,220,4,low,M,5,5465
3912,F,Ship,4,3,104,4,medium,M,3,4548
3788,F,Ship,3,4,245,4,low,M,9,4139
4824,F,Ship,6,1,263,4,low,F,6,1153
2206,B,Flight,6,2,229,3,medium,M,13,2322
305,C,Ship,3,2,183,4,medium,F,12,2777
580,B,Ship,2,5,201,3,medium,F,29,3894
1783,D,Flight,5,2,187,3,medium,M,11,2936
10088,F,Ship,4,1,219,2,medium,M,6,5314
8171,C,Ship,3,3,179,2,low,M,5,5058
7948,B,Flight,4,1,254,7,low,M,5,4104
10488,F,Ship,5,2,254,5,medium,F,4,1030
5015,C,Ship,6,2,254,4,low,M,4,1392
2299,D,Ship,4,5,132,4,medium,F,28,1715
7526,F,Road,4,3,174,3,low,F,3,4846
5580,F,Ship,5,5,139,4,medium,F,3,4433
1505,C,Flight,5,2,206,6,medium,M,23,2016
6039,A,Flight,7,1,255,5,medium,M,10,1238
6764,F,Ship,4,2,211,2,low,F,9,5883
6818,F,Ship,7,2,302,4,low,M,6,1632
5147,C,Ship,3,4,243,4,medium,F,10,4076
7524,F,Road,4,1,252,3,low,M,4,5119
10933,D,Ship,4,2,261,5,low,F, *7 ,1235
540,F,Road,4,4,266,4,medium,F,33,2701
4787,C,Road,4,4,205,3,low,M,6,4254
6707,C,Road,3,1,182,3,low,M,2,5760
7055,C,Ship,4,2,181,3,medium,M,6,5964
7128,F,Flight,4,1,214,5,medium,F,6,4573
6975,A,Road,5,3,168,3,medium,F,2,5986
7862,F,Ship,4,2,255,3,low,F, *7 ,5865
10165,D,Ship,4,3,147,2,low,M,2,5431
10453,D,Ship,5,5,234,5,medium,M,9,1812
4837,D,Ship,4,3,206,2,medium,F,4,5194
7149,A,Ship,6,2,247,4,medium,M, *7 ,1941
5789,C,Ship,5,3,220,6,medium,F,6,1830
9262,B,Ship,4,3,213,3,medium,M,2,5432
3593,C,Ship,3,2,263,3,medium,M, *7 ,5447
7639,D,Ship,5,2,123,5,low,F,4,5284
9495,A,Ship,4,5,199,4,medium,M,1,5585
6694,B,Road,3,5,213,4,medium,M,9,5550
5285,C,Ship,7,4,305,4,medium,F,6,1873
8541,A,Ship,3,4,195,10,low,M,5,5950
9709,D,Road,7,5,244,4,low,M,2,1330
5299,D,Ship,5,4,187,3,low,F,1,4181
4346,F,Ship,4,3,245,3,low,M, *7 ,4826
10547,C,Flight,4,4,209,3,medium,M, *7 ,4717
4769,C,Road,4,5,273,2,low,F,9,5724
6826,B,Road,6,3,305,4,medium,F,9,1479
7868,F,Ship,4,3,213,3,medium,M,4,4367
49,D,Ship,5,4,190,2,medium,M,9,3753
2679,A,Ship,5,3,210,2,low,M,19,3920
414,F,Flight,4,1,215,2,low,M,32,3066
5777,C,Ship,5,4,224,6,low,F,6,1049
4111,D,Flight,3,2,240,3,medium,M,2,4804
1566,F,Ship,4,4,210,3,medium,F,14,3666
8424,F,Ship,3,5,228,2,medium,F,3,5208
3398,F,Ship,4,4,176,3,low,F,1,4774
1518,F,Flight,3,2,270,4,high,M,29,3768
6158,F,Road,3,4,233,3,medium,M,5,5306
9533,C,Ship,2,4,178,4,medium,F, *7 ,4620
10353,A,Ship,3,2,214,2,medium,F,9,4512
4462,B,Ship,4,5,199,5,medium,M, *7 ,5669
5030,F,Ship,6,5,294,4,medium,F,2,1273
6548,F,Ship,6,2,251,4,medium,F,6,1864
4404,F,Ship,5,3,187,3,low,F,3,4343
5650,B,Ship,3,5,214,3,low,F,6,5319
7294,B,Ship,4,4,231,5,low,F,6,5482
4173,A,Ship,3,3,166,3,high,M,6,5089
7931,C,Road,3,1,242,10,high,M,9,5151
883,D,Ship,3,4,169,2,low,M,17,1242
2485,D,Ship,3,5,266,3,medium,M,16,2334
1590,F,Ship,4,2,199,2,medium,F,4,3351
2126,F,Ship,3,1,152,2,low,F,25,1848
1000,B,Ship,3,3,271,2,medium,M,15,3542
3806,F,Ship,2,1,203,4,medium,F,4,4145
4574,F,Ship,4,4,185,3,medium,M,9,4469
4825,D,Ship,5,1,285,4,medium,F,10,1428
461,C,Ship,4,1,202,3,medium,F,18,3940
730,B,Ship,3,1,151,2,low,F,4,1748
5953,D,Ship,3,2,204,10,medium,F,10,4534
8070,F,Road,4,4,214,3,medium,F,1,4717
7806,F,Flight,3,2,219,6,low,F,9,5263
4642,B,Road,3,5,193,3,medium,M,1,5810
9601,D,Flight,4,4,132,3,medium,F,5,4613
7443,A,Ship,4,1,146,8,low,M, *7 ,4576
10045,D,Ship,5,5,240,2,low,F,2,5655
8318,F,Ship,5,3,245,5,low,F,10,1112
4913,C,Road,4,4,193,2,low,F,6,4855
8411,C,Ship,3,3,241,2,high,M,2,4836
6345,A,Ship,4,5,195,2,low,M,2,4008
7038,F,Ship,3,1,166,2,low,F,10,4137
1995,A,Ship,3,1,165,3,low,F,1,1417
10398,F,Road,5,2,171,3,low,M,6,4656
6295,D,Road,7,5,250,4,low,F,2,1296
5321,C,Road,4,4,186,3,low,F,2,4430
34,B,Ship,4,2,234,3,medium,M,4,3261
6619,D,Ship,4,1,247,6,low,M,4,1349
385,D,Road,4,3,236,2,high,M,23,3123
8894,F,Road,4,1,226,5,low,M,9,1530
1777,D,Flight,6,1,154,5,medium,M,19,1842
3520,B,Ship,4,3,253,4,high,M,4,4868
4341,A,Ship,5,3,222,3,low,F,6,4744
8334,F,Road,4,1,262,6,low,M,1,1627
9897,A,Ship,4,5,220,3,medium,F,1,4912
7291,D,Ship,3,4,246,3,high,F,1,4273
6127,D,Ship,3,4,240,3,medium,M, *7 ,4410
9053,C,Flight,5,2,254,3,medium,F, *7 ,5892
8199,A,Road,4,2,148,2,low,M,5,4031
8758,B,Road,5,3,197,5,low,F,1,5581
7022,F,Ship,4,2,227,2,low,M, *7 ,4878
1653,A,Flight,4,5,270,3,medium,M,20,3185
4324,B,Ship,3,4,268,2,medium,M, *7 ,1991
4401,A,Flight,4,3,255,6,low,M,3,4278
6132,F,Ship,5,5,270,3,low,F,9,5807
9750,F,Ship,3,5,147,2,medium,M,6,4350
5890,B,Flight,5,5,148,2,medium,M,4,4812
1803,A,Ship,3,5,249,2,low,F,26,2029
5688,F,Ship,5,2,111,4,medium,F, *7 ,4424
4829,C,Ship,5,4,216,2,low,F,6,4535
10823,C,Flight,3,3,197,3,medium,M, *7 ,4568
8465,C,Ship,4,3,241,2,medium,M,3,4636
4100,F,Road,3,1,187,3,medium,F,1,5541
108,F,Ship,4,5,216,3,high,M,26,2053
2044,B,Road,4,2,260,2,low,F,31,2805
8603,C,Ship,5,5,232,5,low,M,1,1127
8179,D,Ship,5,3,210,3,low,M,5,4560
10503,A,Ship,3,1,248,3,medium,M, *7 ,5588
8667,A,Ship,5,5,161,3,low,F,5,4702
10378,B,Ship,4,3,165,2,low,M,2,5210
6876,F,Ship,5,2,248,5,low,M,4,1284
6100,B,Ship,3,4,215,3,high,F,5,4670
8014,B,Ship,6,4,254,4,low,M,9,1594
9186,F,Flight,7,1,287,4,medium,M,9,1150
7571,C,Ship,3,3,157,4,low,F,2,5715
8132,F,Ship,5,4,237,3,medium,F,1,4369
10544,F,Road,3,5,158,3,low,M,10,4861
1677,A,Ship,3,4,240,2,medium,F,2,3729
4034,F,Ship,3,5,169,3,low,F,6,5397
9190,B,Flight,5,1,232,5,medium,F, *7 ,1069
6173,C,Flight,5,1,225,3,low,M, *7 ,4539
9949,D,Ship,5,5,217,6,medium,M,5,1616
1723,D,Ship,5,3,186,4,medium,F,11,3676
8128,B,Ship,4,5,248,2,medium,M,10,4366
7887,A,Ship,5,1,169,4,low,M,6,4253
5733,A,Road,3,4,247,3,low,M,10,5749
3534,F,Ship,5,1,245,3,low,M,6,4343
7771,D,Ship,4,1,187,2,low,M,5,5691
3906,F,Ship,5,4,141,4,high,F,5,5444
6556,B,Road,5,1,298,4,low,M,4,1551
8522,F,Ship,3,2,165,3,low,M,6,5642
9790,B,Ship,5,5,167,3,low,M,10,5591
10349,C,Ship,5,4,187,4,medium,F,1,4147
8413,D,Ship,4,4,273,2,low,M,1,5759
5468,F,Road,6,3,304,5,medium,F,6,1184
7423,D,Ship,6,1,255,4,low,M,9,1575
3511,D,Ship,6,3,121,3,medium,F,10,5208
4880,F,Ship,5,1,148,4,high,M,2,5821
3589,D,Ship,4,3,185,10,high,M,1,4973
1093,D,Flight,4,4,200,3,low,M,19,2976
8052,F,Ship,6,4,299,4,low,M,9,1527
6686,F,Ship,3,3,243,2,low,M,3,4675
555,A,Flight,5,4,250,3,low,F,11,3373
10269,A,Road,4,5,198,3,low,M,2,4272
10193,C,Ship,6,1,189,2,low,F,6,1269
6223,D,Ship,7,1,276,4,low,F,9,1519
8877,A,Ship,6,3,281,4,medium,F, *7 ,1884
3706,B,Flight,3,2,269,2,medium,F,1,4978
8114,F,Ship,3,2,210,3,medium,M, *7 ,4011
10009,D,Flight,4,3,136,3,medium,F,4,5769
8400,F,Ship,5,1,139,3,medium,F,1,5953
10719,A,Ship,5,2,246,5,low,F,4,1072
10314,F,Ship,3,2,229,6,medium,F,3,5689
9455,C,Flight,5,1,241,5,medium,M,3,1379
3896,F,Ship,5,5,263,2,medium,M, *7 ,4350
33,A,Ship,3,1,223,3,low,F,22,3795
3598,B,Ship,3,5,118,4,low,F,10,5699
8756,F,Road,5,3,160,3,low,F,10,4416
4059,A,Ship,4,2,249,2,medium,F, *7 ,5876
2102,F,Ship,5,1,195,6,low,F,29,1039
7415,C,Flight,6,3,286,4,medium,F, *7 ,1132
6267,A,Ship,2,1,211,3,low,M,6,1760
8689,D,Ship,3,3,169,3,high,M,1,4647
9503,C,Ship,3,4,193,6,low,M,2,5584
10513,D,Ship,4,5,226,2,low,M,10,4706
3622,B,Ship,3,3,148,3,low,M,1,5700
7395,A,Flight,4,2,223,5,medium,F,3,4480
7015,D,Ship,4,4,145,3,medium,M, *7 ,5780
5117,C,Ship,4,1,258,4,low,M,5,5664
4221,A,Road,4,5,204,3,medium,F,4,5476
8999,C,Ship,5,4,145,4,low,M,4,4790
4432,B,Ship,4,2,257,3,medium,M, *7 ,5045
10938,F,Road,5,3,229,5,low,F,10,1951
2607,A,Flight,3,5,151,3,low,M,3,1273
10772,F,Ship,4,1,250,6,medium,F, *7 ,1292
6359,C,Ship,4,4,272,4,medium,M,4,4363
10039,D,Ship,2,2,221,2,medium,F,3,4500
6315,A,Flight,5,1,303,5,medium,F,9,1203
7708,B,Ship,6,3,219,5,low,M,9,1483
6545,C,Ship,6,3,286,4,low,M,5,1750
1674,F,Ship,2,1,137,5,medium,F,3,1037
4922,F,Road,5,3,156,3,medium,M, *7 ,4293
6550,B,Road,5,1,249,5,medium,F,1,1654
9170,F,Road,6,1,277,5,low,F,2,1190
2602,B,Flight,4,2,238,3,low,M,30,3423
697,D,Flight,5,1,149,4,medium,F,20,1110
7228,B,Ship,5,5,149,3,medium,M,9,5979
10734,F,Ship,5,1,251,6,low,F,5,1827
3259,D,Ship,5,1,246,3,medium,F,10,4078
4448,F,Ship,6,1,237,5,high,M,2,5364
10211,C,Ship,5,5,270,5,low,M,5,1852
2599,D,Flight,5,1,189,3,medium,F,14,3318
286,B,Flight,2,4,181,4,medium,M,13,2309
4170,F,Ship,2,5,264,2,low,M,9,5898
7538,F,Flight,3,1,214,2,low,F,3,5595
10123,D,Road,3,4,174,2,low,F,4,4295
8481,A,Road,5,5,176,3,medium,F, *7 ,5335
10202,F,Ship,6,4,271,4,low,F,6,1503
8165,C,Ship,2,3,129,5,medium,M,3,5444
9924,F,Ship,5,4,263,5,medium,M, *7 ,1548
4781,C,Road,3,5,244,2,medium,M, *7 ,5715
10681,D,Road,5,3,132,3,low,M, *7 ,4462
3926,F,Ship,6,1,251,4,low,M,2,5656
9632,F,Ship,6,4,292,4,medium,M, *7 ,1779
10950,F,Road,3,4,202,3,medium,M, *7 ,1946
5619,A,Flight,5,4,236,3,medium,F,1,5711
4840,B,Ship,4,3,155,3,low,F,1,4360
7903,D,Ship,3,4,202,2,medium,F,6,5030
9171,A,Road,5,3,257,5,low,F, *7 ,1451
9414,F,Ship,6,3,244,5,medium,F,5,1092
3193,D,Ship,4,5,273,3,medium,M,2,4374
10445,C,Ship,5,2,245,5,low,M, *7 ,1528
6612,F,Ship,7,1,244,4,low,M, *7 ,1817
9420,F,Ship,7,3,300,4,medium,F,5,1244
9250,B,Ship,2,1,228,2,low,F,2,5435
6812,F,Ship,4,3,249,6,low,M,2,1046
5647,D,Ship,3,4,199,4,medium,F,6,5207
9142,B,Ship,5,3,240,5,low,M,6,1489
10949,C,Road,5,4,229,5,low,F,3,1861
4194,F,Ship,5,2,233,3,low,F,5,5756
3833,C,Flight,4,1,215,3,low,F,2,5563
9445,D,Road,7,1,269,5,medium,F,5,1402
6999,A,Flight,5,5,222,3,medium,M,5,4949
7909,D,Ship,4,5,254,3,medium,F,10,4148
505,D,Ship,5,3,162,2,low,F,14,1045
4985,C,Ship,4,2,196,3,low,M,1,5172
6409,D,Ship,3,4,223,3,low,F, *7 ,5336
8235,A,Flight,6,3,229,8,medium,M,6,4600
1743,A,Ship,4,4,192,3,low,F,25,2443
735,A,Ship,3,4,265,8,low,M,2,3622
6811,D,Ship,5,2,259,5,low,F, *7 ,1032
6368,F,Ship,3,1,266,3,low,M,5,5154
4789,D,Road,3,4,195,7,medium,F,9,5829
10153,D,Flight,4,1,274,6,low,M, *7 ,1141
7285,D,Ship,5,4,257,2,medium,M,10,5095
8959,D,Ship,4,2,261,2,medium,F,4,5926
7044,F,Ship,4,5,135,3,low,F,3,4760
1620,F,Road,4,1,167,3,low,F,10,1616
6092,F,Ship,3,3,225,4,low,F,9,5468
3129,A,Road,3,1,169,3,high,M,24,1740
2808,F,Ship,4,2,216,2,low,F,26,2431
4295,C,Ship,3,4,253,3,high,F, *7 ,5857
5422,B,Ship,6,1,147,3,medium,F,5,4012
2136,F,Ship,3,3,188,4,medium,M,3,3075
4929,A,Flight,2,5,271,3,low,M,4,5775
2630,F,Ship,3,1,140,2,low,F,6,1435
5759,C,Flight,5,1,287,4,low,F,4,1579
6899,C,Ship,2,2,212,4,medium,F,3,1284
7064,F,Ship,3,3,179,3,low,F,9,4459
2301,A,Ship,4,1,251,3,low,F,33,2502
275,C,Flight,3,5,229,6,medium,M,22,2717
731,C,Ship,4,5,264,3,medium,M,16,2245
5191,D,Road,4,4,231,2,low,F,4,5825
8325,A,Ship,5,4,226,5,medium,F,4,1518
5573,C,Ship,3,1,225,3,medium,M,2,4284
8532,F,Ship,4,2,233,4,high,F,1,4316
6262,B,Ship,4,1,265,6,low,F,9,1753
4436,F,Ship,3,3,261,4,medium,F, *7 ,4542
10712,F,Ship,4,3,263,6,medium,M,10,1345
3538,B,Road,3,4,157,3,medium,F,6,5398
1756,B,Road,5,3,160,3,high,M,25,1977
5593,D,Road,4,4,264,4,medium,M,9,5186
803,C,Road,3,2,262,2,low,F,26,2370
9268,B,Ship,4,2,145,3,medium,F, *7 ,5823
7573,D,Ship,3,5,194,3,low,M,6,4295
6269,C,Ship,5,5,249,4,medium,M,2,1727
10638,F,Ship,5,4,151,3,low,F,10,4611
4249,D,Flight,4,1,183,4,low,M,9,5157
6030,F,Flight,4,2,245,5,low,M, *7 ,1122
7824,F,Flight,3,5,257,3,medium,M,4,5196
6213,A,Ship,4,1,208,3,low,F,6,5345
2475,A,Flight,3,4,212,3,medium,F,13,2307
8590,B,Ship,3,2,195,10,low,F,9,4256
9971,C,Ship,5,5,163,2,high,M,6,5253
4086,F,Road,3,5,182,4,low,M,6,1272
5021,C,Ship,6,3,292,4,low,M, *7 ,1925
2574,F,Ship,3,5,165,3,medium,M,33,1500
8022,F,Ship,5,1,258,5,low,F,4,1032
6009,A,Road,6,1,258,4,low,M,3,1506
4842,F,Ship,5,1,156,6,medium,F,4,4821
9010,B,Ship,3,5,204,4,low,M,6,4879
10625,C,Ship,4,1,258,3,medium,M,10,5916
9650,F,Ship,5,2,192,7,medium,M,2,4045
9149,C,Ship,5,5,162,4,low,M, *7 ,1311
9499,D,Ship,5,4,193,3,medium,M,3,4559
4301,C,Ship,5,4,196,3,medium,M,2,5427
5001,A,Ship,5,3,131,8,low,F,5,4149
2291,C,Ship,4,2,273,4,low,F,26,3223
3377,C,Ship,4,1,244,2,low,F,3,4644
10278,F,Flight,3,2,219,4,low,F,6,4314
9371,C,Ship,4,3,262,3,low,F,3,4176
9679,D,Ship,6,5,298,4,low,M,3,1009
3165,A,Flight,4,4,225,5,low,M,5,5060
553,D,Flight,3,4,156,2,low,M, *7 ,1145
4095,A,Road,6,1,192,6,medium,M, *7 ,4014
6760,B,Ship,5,2,192,3,high,F, *7 ,5695
3133,D,Road,3,5,251,3,low,F,21,2476
3749,C,Ship,3,4,250,2,medium,M,1,4922
6638,F,Ship,3,4,153,4,low,M,5,5604
4328,F,Ship,5,3,104,4,low,M,3,4885
10343,C,Ship,4,2,192,3,low,F,4,5578
5173,D,Ship,3,2,201,3,high,M,6,5165
4192,B,Ship,3,3,272,3,low,M,2,4059
7402,B,Flight,5,4,257,5,low,F,1,1778
8825,C,Ship,5,2,254,6,low,M,5,1885
5925,A,Ship,4,2,272,2,low,F,1,5939
10317,A,Ship,3,2,211,2,low,M,4,4978
6787,D,Ship,5,2,237,4,low,M,5,5623
9875,C,Flight,3,3,179,8,high,F,3,5429
4870,B,Ship,3,2,264,3,low,F, *7 ,5831
1331,C,Ship,3,1,199,2,medium,F,18,3346
1739,C,Ship,4,5,208,2,medium,M,33,2170
3287,C,Flight,4,5,221,3,low,F,6,5895
6284,F,Road,5,1,231,5,low,M,10,1418
10870,B,Ship,4,2,146,3,medium,M, *7 ,4381
8026,B,Ship,7,3,286,4,low,F,5,1866
7670,F,Flight,4,1,263,5,low,F, *7 ,1257
5931,A,Ship,4,3,109,2,medium,F,4,5407
8729,C,Ship,3,4,238,2,medium,M, *7 ,5974
8088,F,Flight,4,1,164,3,high,F,1,5492
10214,F,Ship,6,1,250,4,medium,M,5,1747
4662,F,Flight,3,3,270,3,low,M, *7 ,4152
5831,C,Ship,3,1,133,3,medium,M, *7 ,4634
586,B,Ship,3,3,234,3,medium,F, *7 ,2334
8173,D,Ship,3,2,279,6,medium,M,1,5855
6428,F,Road,3,5,172,3,medium,M,1,5024
6012,F,Road,7,1,276,4,low,F, *7 ,1560
4358,F,Road,5,1,201,3,low,M,4,5166
3653,C,Ship,5,4,185,3,medium,F,1,4925
1974,F,Ship,5,1,201,3,medium,M,19,2696
6535,D,Ship,4,5,242,2,low,M,4,5341
229,D,Ship,3,2,164,10,high,M,14,1375
6074,F,Ship,3,3,112,4,low,F, *7 ,5716
10492,B,Ship,4,5,248,3,low,M, *7 ,5853
10676,F,Road,4,3,230,3,high,F,1,5114
4915,D,Road,4,4,212,2,medium,M, *7 ,4239
9200,F,Ship,4,1,240,4,low,M,10,5965
7243,D,Road,6,3,262,6,high,M,5,4506
7099,D,Road,5,5,238,8,low,M,9,5186
6738,F,Ship,6,3,245,5,medium,F, *7 ,5678
9559,D,Ship,3,5,157,4,medium,F,2,4640
2827,D,Ship,2,3,172,3,medium,F,11,1522
10827,A,Flight,4,5,167,2,low,F,10,5067
8337,A,Road,5,2,221,6,medium,M,2,1781
5057,C,Road,3,3,157,4,medium,F,2,5684
9301,D,Road,4,2,149,6,low,F,6,4904
10546,B,Flight,5,1,202,4,low,F,2,5748
3761,C,Ship,4,3,197,2,low,M, *7 ,5449
5832,F,Ship,3,5,269,5,low,M,6,5932
4251,A,Flight,5,4,194,5,low,M, *7 ,4038
3433,D,Flight,4,1,175,4,low,M,2,4053
5019,A,Ship,7,1,306,4,medium,M,5,1467
8259,A,Ship,4,3,263,5,low,F,10,1762
8067,A,Road,3,1,256,4,low,M,6,4814
2923,D,Ship,4,3,172,3,medium,F,6,1261
9633,A,Ship,5,1,172,2,low,F,9,1723
5656,B,Ship,4,4,198,2,medium,M,2,5725
4968,F,Ship,3,1,268,3,low,M,2,4746
8432,F,Ship,3,1,250,4,low,F, *7 ,4028
2627,C,Ship,3,3,156,3,high,F,20,1305
2461,D,Road,3,3,199,2,low,M,4,3553
4333,D,Ship,4,1,189,2,low,M,10,4646
6623,C,Ship,6,5,152,4,medium,F, *7 ,5351
10729,D,Ship,3,2,278,4,medium,M, *7 ,1879
3437,C,Flight,2,3,160,2,high,M,3,4409
7384,B,Road,5,4,145,6,medium,M,6,4403
10606,B,Ship,5,2,254,3,low,F,9,5714
8262,F,Ship,4,2,237,5,low,M,6,1734
10884,F,Ship,3,4,181,4,medium,F,3,5163
3246,F,Ship,3,4,136,3,medium,M,2,4524
10531,D,Road,3,5,263,3,medium,M,4,4081
3539,C,Road,4,3,137,3,medium,F,10,4820
8879,C,Road,4,1,271,5,medium,F,3,1328
4387,D,Flight,3,2,257,2,medium,F,1,4132
8021,C,Ship,7,4,281,4,low,M,9,1970
9578,F,Road,3,1,187,2,low,F,10,5064
4694,F,Ship,3,3,249,2,low,F,2,5078
3899,C,Ship,4,4,155,2,medium,F,9,4932
1231,D,Flight,5,4,212,6,medium,F,5,2041
9096,F,Ship,7,2,305,4,medium,M, *7 ,1813
6399,A,Ship,3,4,145,3,low,F, *7 ,4079
3844,B,Flight,3,1,199,6,medium,F, *7 ,4805
3874,B,Ship,4,5,216,3,medium,M,1,5167
9364,B,Ship,4,1,232,5,medium,F, *7 ,1899
4993,D,Ship,6,2,245,4,low,F,10,1448
3890,F,Ship,3,1,202,2,medium,F, *7 ,4506
4575,A,Ship,4,2,271,3,medium,F,4,5902
318,F,Ship,4,5,273,4,medium,F,31,2373
3827,C,Road,4,3,180,3,low,M, *7 ,5718
5506,B,Ship,6,3,304,5,medium,F,10,1254
6630,F,Ship,2,5,180,6,medium,F, *7 ,4907
8350,B,Road,5,3,265,5,low,F,3,1005
9783,A,Ship,3,4,213,3,high,M, *7 ,5516
5640,F,Ship,3,3,183,3,low,F,3,5538
4461,A,Ship,4,5,214,3,high,M,6,5646
9166,B,Road,5,2,227,6,medium,F,6,1620
10951,D,Road,4,3,228,5,medium,M, *7 ,1753
10820,F,Flight,4,4,249,3,medium,F,4,5809
6786,F,Ship,4,3,189,2,low,F, *7 ,4765
4852,B,Ship,3,5,206,4,medium,F,2,5829
6637,D,Ship,4,1,155,5,low,F,1,5986
4849,D,Ship,3,1,175,3,medium,M,1,4872
10752,F,Ship,5,5,244,6,low,F,1,1222
8864,F,Ship,6,2,305,4,low,M,2,1196
8762,F,Road,3,4,136,3,medium,M,6,4631
223,D,Ship,4,2,192,3,high,M,4,2061
7978,B,Ship,4,1,153,7,medium,F,4,5761
9309,A,Road,4,4,155,3,medium,F,6,5778
8705,C,Ship,3,5,206,3,medium,F,9,5751
5112,F,Ship,3,3,141,3,low,F, *7 ,4954
1318,B,Ship,4,4,111,6,low,M, *7 ,1145
1255,D,Ship,3,1,203,4,medium,M,12,2779
5395,D,Ship,4,2,262,3,low,M,4,5085
3694,B,Road,5,5,168,3,low,M,6,4096
4771,D,Road,4,5,180,3,medium,F,1,5088
1488,F,Road,6,1,219,6,low,F,10,2385
8527,D,Ship,3,5,269,8,medium,M, *7 ,4462
7249,D,Road,5,4,173,3,low,M,9,5432
5248,B,Ship,3,1,160,3,medium,F,4,5132
4024,B,Ship,3,4,175,3,low,M,6,5503
8388,F,Ship,4,4,175,5,low,M,10,4498
8951,C,Ship,5,4,208,2,low,M,9,4569
5935,D,Ship,3,4,263,6,high,M,3,4429
10778,F,Ship,5,5,263,5,medium,F,1,1114
10515,A,Ship,4,1,225,3,medium,M,9,4242
8850,F,Ship,3,5,203,10,medium,F,1,4996
10460,F,Ship,2,3,277,3,medium,F,1,1738
2393,C,Ship,4,1,221,3,low,F,3,2546
6430,B,Road,5,1,203,3,low,F,2,4162
8615,C,Road,6,3,260,4,low,M,4,1358
7375,D,Road,4,2,221,3,low,F, *7 ,4856
10286,F,Flight,4,2,107,2,low,F, *7 ,4460
2289,A,Ship,5,4,187,2,medium,F,10,3549
7739,C,Ship,6,1,244,4,low,F, *7 ,1007
7982,F,Ship,4,4,218,2,medium,M,3,5039
3392,F,Ship,4,2,178,8,medium,M,5,4120
6915,A,Ship,5,2,226,5,medium,M,5,1659
4869,A,Ship,4,3,280,6,high,M, *7 ,4525
5522,F,Ship,6,2,304,4,medium,F,10,1983
819,A,Flight,3,4,262,2,low,M,15,3287
5970,F,Ship,4,3,243,5,medium,F,3,1634
8346,F,Road,4,4,269,5,medium,F,2,1473
9820,B,Ship,3,5,109,4,medium,F,4,4308
2466,F,Flight,4,2,182,3,medium,M,14,3413
5519,C,Ship,5,3,227,5,medium,M,2,1965
3300,F,Flight,4,4,208,3,low,F,10,4919
3975,A,Flight,4,1,150,3,low,F,10,4470
1604,F,Ship,4,5,278,6,low,M,4,3909
3816,F,Road,4,2,197,3,low,M,2,4113
10331,C,Ship,5,3,210,6,low,M,6,4203
3997,D,Ship,3,3,160,2,high,M,6,5667
4294,B,Ship,4,2,258,3,high,M,10,4643
76,B,Ship,4,1,266,3,low,F,23,3775
5899,D,Flight,4,3,190,5,low,F, *7 ,4736
1560,F,Ship,3,1,171,2,low,M,1,1629
1240,B,Flight,4,5,157,3,medium,M,28,1557
9185,C,Flight,4,3,219,5,low,F, *7 ,1702
10461,A,Ship,4,2,267,5,low,M,3,1933
224,F,Ship,4,5,116,3,medium,F,9,1314
8148,F,Ship,3,3,200,3,high,F,2,4777
3570,F,Flight,3,4,118,4,low,M,6,5964
4297,D,Ship,3,4,268,2,medium,F,4,1442
6653,C,Ship,3,4,235,2,low,F,10,4575
6758,F,Ship,3,3,204,2,medium,F,5,5399
448,B,Ship,3,4,194,3,medium,M,3,2169
5255,C,Ship,6,3,274,4,low,M,10,1174
5155,D,Ship,2,4,193,4,low,M, *7 ,5552
8649,A,Ship,5,5,272,4,medium,M,10,1383
8401,D,Ship,5,1,150,4,low,F,1,5098
10122,F,Road,3,3,274,4,medium,F, *7 ,4828
2413,D,Ship,3,2,254,2,medium,F,2,3239
3647,C,Ship,5,5,135,3,medium,M,2,5849
3173,C,Ship,4,4,172,3,medium,F,1,4201
10825,D,Flight,5,1,244,2,medium,M,6,5217
7732,B,Ship,5,4,217,5,high,F,3,1007
3648,F,Ship,4,2,147,3,low,F,5,5174
7317,A,Ship,5,1,241,3,low,F, *7 ,5134
10674,F,Road,4,2,223,5,medium,M,3,1395
5544,F,Ship,5,3,193,5,medium,M,3,5888
2495,C,Ship,3,3,236,3,low,F,28,3652
9012,F,Ship,3,5,264,4,medium,F, *7 ,4324
5016,F,Ship,2,3,151,4,low,F,3,1353
329,C,Ship,5,1,274,2,medium,M,24,2423
9302,F,Road,3,5,234,2,medium,F, *7 ,5241
7106,F,Road,6,2,278,4,high,F, *7 ,1967
6626,F,Ship,4,1,164,3,low,M,4,5910
2346,F,Flight,4,5,216,3,low,F,20,3549
1836,F,Ship,4,2,234,2,high,M,27,3393
4716,F,Ship,3,3,204,4,high,M,9,4712
5888,F,Flight,3,2,227,2,medium,M,10,4290
7287,A,Ship,4,1,191,2,low,F,4,5851
7508,F,Ship,5,2,248,5,medium,F,9,1973
6793,D,Ship,3,1,207,2,low,M, *7 ,4639
372,F,Ship,4,5,159,3,medium,M,18,1808
2743,D,Flight,3,3,178,3,high,M,12,1900
147,A,Flight,3,5,191,3,low,M,23,3750
10980,F,Ship,4,2,253,5,low,F,3,1086
4762,B,Ship,5,5,276,4,low,M,2,1411
3813,A,Road,4,3,229,3,low,M,5,5225
2384,F,Ship,4,3,163,5,low,M,29,1349
6174,F,Flight,5,3,269,5,low,F, *7 ,5833
9530,F,Ship,3,1,266,3,low,M,6,4010
7735,D,Ship,5,4,259,5,low,F,4,1991
7356,F,Ship,3,2,220,3,low,F, *7 ,5503
8102,F,Ship,3,1,146,3,medium,M,9,4944
8675,C,Ship,4,5,148,3,medium,F,5,5216
4409,C,Ship,3,3,147,3,low,M,4,5805
10860,F,Ship,3,1,125,3,medium,M,9,5489
4565,C,Ship,6,3,310,4,low,F,2,1817
8260,B,Ship,5,1,256,5,low,F,5,1970
5200,B,Road,5,4,249,3,high,F,2,4397
10369,D,Ship,5,2,213,3,low,M,9,5526
8175,A,Ship,5,5,198,2,medium,M,9,4526
10489,D,Ship,5,1,143,3,medium,F,3,4907
7821,A,Flight,4,5,265,2,medium,F,9,5135
5020,B,Ship,6,4,291,4,low,F,5,1327
4802,F,Flight,6,1,255,4,low,F,2,1385
7136,F,Flight,4,4,153,3,low,M,5,4624
6780,F,Ship,4,4,273,3,low,F,3,5749
9994,B,Road,5,2,271,4,low,F,4,4066
7219,D,Ship,5,5,262,5,low,M,9,1400
7387,D,Road,5,5,207,2,high,M, *7 ,5066
9505,D,Ship,4,4,251,3,medium,F,9,5350
3943,D,Ship,5,1,181,4,medium,F,4,5505
10618,B,Ship,3,4,160,3,medium,M,3,5662
5316,F,Ship,3,1,219,3,medium,M,6,4893
5805,A,Ship,4,3,136,3,low,F, *7 ,5976
9508,B,Ship,3,4,253,3,medium,M,4,4269
10844,F,Ship,4,1,154,2,low,M,1,5578
1402,B,Ship,3,5,152,6,low,F,32,1158
6963,A,Road,3,1,269,4,low,F, *7 ,5107
3329,C,Ship,5,5,219,2,medium,M,4,4289
7795,D,Road,4,2,209,2,medium,M,3,5607
206,F,Ship,2,3,145,3,medium,F,24,7588
2709,A,Ship,3,1,150,3,medium,F, *7 ,1745
10155,A,Flight,4,4,237,5,medium,F,6,4586
454,B,Ship,4,1,275,10,medium,F,23,2726
10765,D,Ship,5,1,235,5,low,M,4,1259
5908,B,Flight,4,3,96,4,medium,M,1,4984
6420,F,Road,4,2,206,2,medium,M,5,4635
1646,F,Flight,4,4,143,8,medium,M,12,1326
8865,A,Ship,5,1,254,6,low,M,1,1021
778,B,Ship,5,1,234,2,low,M,12,2372
6429,A,Road,3,5,139,2,low,M,2,5839
2239,D,Ship,2,5,236,3,medium,F,13,2171
10257,A,Road,2,2,163,3,low,M,5,5887
9609,A,Ship,5,3,191,3,high,F,6,4244
7523,C,Road,4,3,213,3,medium,M, *7 ,5947
10604,F,Ship,6,4,230,4,low,M,3,4736
3484,B,Ship,4,1,273,3,low,F,5,5323
5964,F,Ship,6,4,266,4,low,M,5,1639
1680,F,Ship,5,2,265,2,high,M,24,2415
9159,A,Road,6,1,283,5,low,F,10,1304
3389,C,Ship,2,2,180,3,low,M,2,5033
9360,F,Ship,4,5,274,5,low,M, *7 ,1225
9849,A,Road,3,2,175,2,low,M,9,4859
7167,A,Ship,5,4,261,5,low,M,2,1409
4502,F,Road,4,2,173,2,medium,M,2,5327
4077,A,Ship,5,2,248,8,low,F,10,4583
9678,F,Ship,5,1,275,5,low,F,3,1062
8110,B,Ship,4,3,160,2,low,M,5,4522
9328,B,Flight,4,3,261,6,low,F,6,5068
3942,F,Ship,3,5,271,4,medium,M,1,5852
6939,A,Ship,5,4,271,3,low,M,3,5218
9023,C,Road,5,4,140,3,medium,M,4,4623
5728,B,Road,7,5,291,4,high,M,6,1135
8653,D,Ship,4,2,235,5,low,M, *7 ,1021
4085,C,Road,3,3,273,10,medium,F,10,5574
9680,F,Ship,5,2,243,5,medium,F,4,1013
661,D,Road,5,1,158,3,low,M,9,1483
2389,D,Ship,4,5,147,2,medium,F,19,1940
5637,A,Ship,4,5,206,2,medium,F,10,4437
3228,F,Ship,3,3,205,3,low,M,10,5714
7525,D,Road,4,3,165,2,medium,M,10,4351
8679,A,Ship,3,1,198,3,low,M,3,4965
9597,A,Flight,4,3,177,3,low,F, *7 ,4834
10487,C,Ship,6,4,206,5,medium,F,10,1680
2025,A,Ship,3,4,210,3,low,F, *7 ,2878
7537,D,Flight,2,5,263,4,medium,F,4,4042
4356,F,Ship,5,1,277,4,low,M,2,5496
4465,D,Ship,4,5,258,2,medium,M,6,5062
3420,F,Road,5,5,158,3,medium,M, *7 ,5559
8426,F,Ship,3,1,195,3,medium,F,3,5961
3150,F,Flight,2,3,134,3,low,M,4,5958
317,C,Ship,4,2,238,2,high,M,17,3358
7546,B,Flight,3,1,177,3,low,F,9,4890
4788,F,Road,3,2,144,3,high,F,9,4428
6993,A,Flight,3,4,198,3,medium,M, *7 ,4020
3517,D,Ship,3,4,232,3,medium,F,1,4228
10721,C,Ship,4,3,257,5,medium,F,9,1080
4442,F,Ship,6,4,218,6,medium,M,1,4625
1454,F,Ship,6,3,223,6,medium,M,29,2980
1226,F,Road,3,1,135,2,medium,M, *7 ,1316
10603,D,Ship,5,2,176,4,low,M,1,5810
4047,A,Ship,4,5,233,4,low,F,6,4652
10418,F,Flight,3,1,158,5,low,M,9,1537
4416,F,Ship,5,3,181,3,high,M, *7 ,5675
9816,F,Ship,4,3,125,3,low,F,10,5883
3710,F,Flight,4,1,219,5,medium,M,5,5253
4982,F,Ship,3,2,156,7,medium,F,9,5313
8952,F,Ship,6,5,150,3,medium,M,3,5747
2915,C,Ship,4,4,207,2,medium,F,14,2945
5639,C,Ship,4,1,177,3,medium,F,5,4382
6834,F,Road,3,2,220,3,medium,M, *7 ,4555
6869,C,Ship,6,4,261,4,low,F,5,1794
8554,B,Ship,5,4,232,5,low,M,10,1512
4365,A,Road,3,1,200,2,low,F,5,4884
8506,B,Flight,5,1,183,6,medium,F,2,5082
1586,F,Ship,3,5,234,2,high,M,4,2701
4235,C,Road,4,3,259,3,low,F,1,4914
1793,C,Flight,3,4,202,4,high,M,20,3655
5175,A,Ship,5,3,266,3,medium,F,4,4195
6603,A,Ship,5,5,246,5,medium,M,6,1053
10306,B,Ship,4,4,154,3,low,M,4,5393
984,F,Ship,5,4,133,3,low,M,9,1051
1912,B,Road,4,2,202,4,low,F,1,3602
6898,B,Ship,4,2,264,5,medium,F,6,1736
8779,D,Flight,5,3,280,6,high,M,5,4585
483,A,Ship,3,3,220,7,low,M,25,2141
3404,F,Road,3,1,119,2,low,F,10,4146
4832,F,Ship,3,1,228,2,low,F,5,4456
4526,F,Flight,4,5,173,2,medium,F,5,4776
2907,A,Ship,2,3,204,4,low,F,20,3135
2636,F,Ship,4,3,204,3,low,M,30,3774
6943,D,Ship,5,2,185,3,low,M,10,4354
4650,F,Road,4,1,206,3,low,F,4,4745
3966,F,Road,6,1,247,3,low,M,1,4637
9028,B,Road,3,4,156,3,low,M,4,4628
9913,D,Ship,6,1,268,4,medium,M,10,1958
7370,F,Ship,5,4,211,2,medium,F, *7 ,4734
5920,B,Ship,3,3,149,3,low,M,6,4654
6188,F,Ship,4,2,280,4,low,M,9,5288
6682,B,Ship,4,4,273,2,medium,M,6,5676
1261,D,Ship,5,3,197,2,low,F,12,3400
3144,F,Road,3,3,253,3,medium,M, *7 ,5085
1726,B,Ship,5,3,248,3,medium,M,4,2207
8076,F,Road,4,1,198,4,medium,F,9,5382
10539,A,Road,3,2,213,6,medium,M,9,5418
10479,A,Ship,4,1,204,4,low,F,3,1667
8013,A,Ship,5,3,252,5,low,M,3,1474
10225,D,Ship,5,5,217,6,medium,M,1,1761
4152,F,Ship,4,4,177,2,low,F,6,5116
3887,C,Ship,5,4,230,3,low,M,1,4727
7705,D,Ship,4,1,263,5,low,M,1,1605
5064,F,Road,4,2,209,2,medium,F,9,5131
1298,F,Ship,4,4,158,2,medium,M,15,1030
3172,B,Ship,3,2,136,2,high,F,6,4002
3948,F,Road,4,2,202,3,low,M,9,4955
5462,F,Road,6,4,256,4,low,F,2,1752
6912,F,Ship,5,4,260,6,low,F,2,1765
6247,D,Ship,3,3,126,10,low,M,10,4128
9022,B,Road,3,4,228,4,medium,M,6,4947
9425,C,Ship,7,5,256,4,medium,M,4,1139
5442,F,Ship,3,1,209,2,medium,F,3,4184
9245,C,Ship,4,1,224,2,low,M,10,4653
8630,F,Flight,6,4,258,4,low,F, *7 ,1726
5677,D,Ship,3,1,209,3,low,F, *7 ,4367
1238,F,Flight,4,1,140,2,low,F,5,1274
9454,B,Flight,5,3,230,5,medium,M,4,1123
7299,A,Ship,5,5,156,4,low,F,5,5987
1913,C,Road,3,5,226,3,medium,M,5,3914
716,F,Ship,4,1,137,4,high,M,15,1391
7719,A,Ship,3,3,183,5,low,F,3,1504
7340,F,Ship,5,2,245,2,low,M,6,5366
9254,F,Ship,4,4,265,3,low,M,10,4741
891,A,Ship,3,4,266,2,high,F,33,3798
5502,F,Ship,6,2,285,4,medium,M,6,1016
10289,C,Flight,4,5,260,3,low,M,10,4331
3727,D,Ship,3,5,241,3,low,M,2,4976
7644,F,Ship,3,2,189,2,medium,F,4,4160
1023,A,Ship,3,4,260,3,low,F,21,2003
6714,F,Flight,4,4,279,6,medium,M,5,4898
9436,B,Road,6,4,256,4,medium,F,9,1791
3478,B,Ship,5,2,196,3,low,F,4,4271
9298,B,Road,3,3,167,3,low,F, *7 ,4420
5144,F,Ship,5,2,206,2,medium,F,2,5627
4804,B,Flight,6,3,247,4,medium,F,4,1476
1908,F,Road,4,5,238,2,low,F,1,2644
1165,D,Ship,5,2,230,6,low,M,10,3604
10043,C,Ship,4,4,200,3,low,F, *7 ,5807
7153,D,Ship,6,5,286,4,low,M,9,1282
10915,D,Ship,4,1,261,4,medium,F,6,4888
5243,C,Ship,5,5,230,10,high,F,3,5391
4649,C,Road,3,1,108,6,medium,F, *7 ,4024
1506,F,Flight,4,2,229,4,low,F,32,3518
5567,C,Ship,3,2,189,6,low,M, *7 ,4329
7447,D,Ship,5,2,174,3,medium,F,10,4902
3379,D,Ship,4,2,161,4,low,F,10,5322
4856,F,Ship,3,1,170,2,low,M,9,4112
10678,B,Road,5,2,253,2,medium,F,9,5530
6210,F,Ship,4,3,273,10,medium,M,6,4251
2992,B,Road,5,3,239,5,medium,F,19,2988
10481,C,Ship,5,4,241,5,medium,M,1,1924
2449,D,Road,5,3,136,3,medium,F,13,1446
7882,B,Ship,4,4,152,3,low,M, *7 ,4430
7857,A,Ship,4,5,217,3,medium,M,2,5461
7413,A,Flight,6,5,250,4,low,M, *7 ,1689
9062,F,Ship,2,2,160,6,medium,F,9,4972
4282,B,Ship,4,2,224,3,medium,F,3,4511
10534,B,Road,3,2,188,3,medium,M, *7 ,5709
10726,B,Ship,5,5,240,5,low,M, *7 ,1750
7818,F,Flight,5,2,152,3,medium,M,4,4699
7627,D,Ship,3,3,223,3,low,M,10,5243
10650,F,Ship,4,5,261,10,low,M, *7 ,5208
3823,D,Road,3,5,163,3,low,M,5,4570
2896,B,Ship,3,5,152,2,medium,F,6,1800
6949,D,Ship,3,4,205,5,low,F,4,4483
8330,F,Ship,5,1,232,5,low,M,4,1776
4476,F,Ship,2,2,278,2,medium,F,9,4318
6314,F,Flight,4,4,256,5,low,M,9,1622
1493,C,Road,5,1,105,5,low,M,1,1101
1804,B,Ship,3,4,151,3,low,M,16,1020
8989,D,Ship,5,2,270,3,low,M,3,5266
8352,F,Road,6,2,248,4,low,F,10,1563
4681,D,Ship,3,3,237,3,low,F, *7 ,4062
7250,F,Road,3,2,208,2,high,M,1,4999
617,C,Ship,5,5,143,2,high,F,18,1066
1203,A,Ship,4,4,237,2,medium,M,21,1495
7035,A,Ship,4,2,257,3,low,M,3,5549
3549,A,Road,4,5,168,4,medium,M,5,5735
8746,B,Road,3,2,260,2,low,M, *7 ,5553
7262,F,Flight,4,3,148,5,medium,M,2,4065
5865,A,Road,4,3,134,2,low,F,2,4522
3715,D,Flight,3,4,154,3,low,F,2,4990
5988,F,Ship,3,1,204,10,medium,M,5,5375
6387,A,Ship,3,2,167,3,medium,M,5,5995
2899,D,Ship,4,2,180,3,low,M,22,1261
6062,F,Ship,3,5,271,2,medium,M, *7 ,4958
5848,B,Ship,5,5,184,3,medium,M, *7 ,4742
8333,C,Road,6,3,246,4,medium,F, *7 ,1741
10543,D,Road,3,4,158,2,low,M, *7 ,4086
4482,F,Ship,5,2,149,2,medium,F, *7 ,5396
6948,F,Ship,4,1,196,4,low,F,3,5496
9410,F,Ship,7,1,264,4,medium,F,5,1238
7595,C,Ship,3,3,176,3,low,F,10,5284
8357,C,Flight,5,4,245,5,medium,F,4,1771
6160,B,Road,3,4,153,2,medium,M,5,4023
7449,A,Ship,4,5,223,5,medium,M,4,4704
9320,F,Flight,4,1,189,3,medium,M,5,4133
7788,F,Road,4,4,246,3,medium,M,5,5029
5125,D,Ship,3,3,154,2,medium,F,1,5746
4069,D,Ship,5,4,243,6,medium,F,1,4170
8511,A,Flight,3,1,166,2,low,F, *7 ,4375
10495,D,Ship,3,4,148,3,medium,M, *7 ,4531
7323,A,Ship,4,3,178,3,medium,M,6,4576
5786,F,Ship,4,1,254,5,medium,F,3,1880
463,D,Ship,3,4,244,8,low,M,1,2703
5484,F,Flight,3,4,252,4,low,F,10,5495
9726,F,Flight,4,1,152,5,medium,M, *7 ,5711
8528,F,Ship,4,5,224,2,low,M, *7 ,5871
1717,D,Ship,6,1,222,5,medium,M,26,3137
8674,B,Ship,4,4,172,2,medium,F,3,5538
7823,C,Flight,5,3,169,2,low,F,1,4500
8747,C,Road,4,2,112,2,medium,F, *7 ,4599
5250,F,Ship,7,5,306,4,medium,F,2,1281
8662,B,Ship,5,2,239,5,medium,F,6,1365
1692,F,Ship,4,2,189,3,medium,M,6,3671
3282,F,Road,3,3,242,2,medium,F, *7 ,4960
10077,A,Ship,5,3,242,3,low,F,10,4889
10380,F,Ship,4,1,171,2,low,F,6,5719
4304,F,Ship,4,3,175,4,medium,F,5,5177
7007,C,Ship,4,1,238,3,high,F,4,4910
3988,B,Flight,3,5,257,2,low,M,2,5251
9764,F,Ship,6,5,211,6,low,M,3,4957
2281,D,Ship,4,4,223,10,low,M,24,3271
10514,F,Ship,3,4,205,3,low,F, *7 ,4490
6169,D,Flight,5,2,197,4,high,M,4,4339
2173,D,Road,2,3,255,3,low,M,27,3484
45,A,Ship,3,1,151,2,low,M,29,1328
10228,B,Ship,3,4,267,3,low,F,3,4566
1366,B,Flight,3,1,167,3,low,M,1,1252
5100,F,Ship,3,5,275,3,low,M,6,5148
7168,B,Ship,5,3,255,5,medium,F,10,1886
10245,A,Ship,3,5,283,2,low,M,2,4207
8226,F,Flight,5,1,262,3,medium,M,9,5146
5007,A,Ship,3,4,165,3,high,M,10,4910
4673,C,Flight,5,3,256,2,low,M,3,4456
5004,F,Ship,4,5,254,10,high,M, *7 ,5524
5159,C,Ship,4,3,254,2,high,F,3,4930
7953,A,Flight,6,5,276,4,low,M,9,1319
7305,A,Ship,3,3,274,3,medium,M,3,5157
10862,F,Ship,4,1,145,3,medium,F, *7 ,4386
7181,C,Ship,7,5,278,4,low,F,5,1126
666,F,Road,3,3,243,2,medium,M,17,3230
7769,C,Ship,5,3,238,5,high,M,10,1841
3462,F,Ship,3,3,144,2,low,M,6,5994
2966,F,Ship,3,5,126,2,low,F,29,1192
3352,B,Ship,4,4,268,3,low,M, *7 ,5947
9139,D,Ship,4,1,231,5,medium,M,6,1231
8690,F,Ship,4,4,151,3,medium,F,5,4732
8267,C,Ship,6,4,263,4,low,M,3,1276
4074,F,Ship,2,1,187,3,medium,F,3,5922
7515,A,Road,6,2,294,4,medium,M,10,1148
8636,F,Flight,6,2,243,4,low,M,4,1768
4994,F,Ship,3,5,268,3,low,F,6,5603
9966,F,Ship,6,3,280,4,low,M,2,1753
6633,A,Ship,5,4,242,3,high,F,4,4805
4286,F,Ship,3,3,150,4,medium,F, *7 ,4357
171,A,Ship,4,3,185,3,medium,F,10,2263
9259,D,Ship,5,1,176,4,low,F,1,4270
1795,D,Flight,2,2,128,2,low,M,17,1824
5963,C,Ship,5,2,259,5,low,M, *7 ,1678
7080,F,Ship,3,5,221,3,medium,M, *7 ,4741
3649,D,Ship,3,2,245,2,low,F,4,4514
10483,D,Ship,5,2,265,5,medium,F,5,1864
6117,A,Ship,5,3,220,3,low,F,9,5324
6957,A,Ship,3,1,186,3,high,F,1,5694
5063,C,Road,6,2,140,2,high,M,1,4053
8890,B,Road,6,4,298,4,medium,F, *7 ,1437
8569,D,Ship,2,5,238,2,low,F,6,5325
5673,A,Ship,3,4,150,2,low,M,1,4742
7826,F,Flight,2,4,233,4,medium,F,4,5408
7914,F,Ship,4,2,192,2,low,M,9,4140
10571,C,Ship,5,1,262,2,medium,M,4,5761
5552,F,Ship,3,5,253,3,medium,M,9,5979
3902,F,Ship,5,5,192,3,medium,M,5,4942
5900,F,Flight,4,5,137,2,low,M, *7 ,4068
9061,D,Ship,3,2,160,3,low,F, *7 ,4468
4992,F,Ship,6,2,243,4,low,M,9,1258
8544,F,Ship,4,2,167,4,high,M,5,5250
7178,F,Ship,4,1,254,5,low,F, *7 ,1003
10709,C,Ship,5,1,262,5,medium,F,9,1893
5258,F,Ship,6,1,275,4,low,F,5,1228
1671,A,Ship,4,2,209,4,low,F,10,3370
9344,F,Ship,2,4,224,2,low,M, *7 ,4754
9156,F,Road,6,3,276,4,low,F,5,1637
5398,B,Ship,5,3,202,4,low,M,6,5107
9336,F,Ship,3,3,144,3,medium,M, *7 ,5727
1509,A,Flight,4,5,259,2,medium,M,15,2381
6662,F,Ship,3,1,200,2,medium,M, *7 ,4337
8307,A,Ship,5,4,252,5,low,M,9,1133
5742,F,Road,4,2,149,2,medium,M, *7 ,5460
6464,F,Ship,3,2,131,5,low,F, *7 ,5084
4430,F,Ship,4,2,158,3,low,M,3,4527
7266,F,Flight,4,4,264,3,medium,F,9,5555
6049,D,Ship,5,1,269,6,medium,F, *7 ,1341
7547,C,Flight,5,5,171,3,medium,F,6,4209
7503,A,Ship,5,1,270,5,high,F,6,1836
1821,A,Ship,4,3,201,2,medium,F,18,3461
792,F,Ship,5,4,133,2,medium,M,30,1161
8666,F,Ship,4,4,201,3,low,F,2,5385
10271,C,Flight,4,5,157,3,medium,M,10,5898
3961,D,Road,4,2,237,3,low,M,1,5114
8109,A,Ship,3,3,195,3,low,M,1,4224
5418,F,Ship,4,2,150,3,low,M,6,5787
6195,A,Ship,5,2,173,4,high,F,9,4307
4159,D,Ship,2,4,100,4,low,M,3,5398
5241,A,Ship,5,3,248,3,medium,M,10,5567
9123,A,Ship,3,1,247,2,low,M, *7 ,5557
4886,F,Ship,5,1,172,2,high,F, *7 ,5165
8177,C,Ship,5,4,184,3,low,F,1,4208
8192,F,Ship,5,2,224,3,high,M,4,4271
9189,A,Flight,5,5,219,5,low,M,6,1234
1408,B,Ship,4,4,185,3,low,M,13,2080
9824,F,Ship,5,5,239,3,low,M,5,4122
641,C,Ship,4,4,157,2,low,F,2,1087
6928,B,Ship,6,4,283,4,low,F, *7 ,1480
6808,B,Ship,3,3,151,6,low,F,6,4279
6924,F,Ship,5,3,253,4,low,M,9,1729
6231,A,Ship,6,5,282,4,medium,F,4,1013
2957,C,Ship,5,5,213,2,high,M,12,2522
3732,F,Ship,4,5,201,3,low,F,10,4530
3528,F,Ship,4,5,274,3,medium,M,4,4521
4156,B,Ship,5,3,188,2,low,M,6,4840
1467,A,Ship,4,1,192,3,low,F,15,3460
8656,B,Ship,7,1,245,4,medium,M,4,1653
6882,F,Ship,5,2,262,6,medium,F,4,1532
687,A,Flight,4,2,187,2,low,F,6,3625
3057,A,Ship,3,4,176,3,low,F,4,1095
5516,F,Ship,6,5,268,4,low,M,10,1170
7623,A,Ship,3,5,266,2,high,F,3,5195
7275,A,Flight,5,2,248,2,low,F,10,4813
10426,B,Flight,3,4,180,6,medium,F,3,5605
8313,A,Ship,4,1,226,5,medium,M,6,1723
9253,D,Ship,3,4,257,4,medium,F, *7 ,4780
3898,B,Ship,4,4,207,3,low,M,9,4314
1527,A,Ship,3,1,230,2,medium,M,28,3646
7245,A,Road,5,1,268,5,medium,M,1,4704
9440,F,Road,5,4,244,5,medium,F,1,1320
1181,C,Ship,5,2,191,2,high,F,6,2059
10504,B,Ship,5,5,244,3,medium,M, *7 ,4078
3038,F,Ship,5,4,135,2,medium,F,20,1908
9059,C,Flight,3,2,227,3,high,M,5,4167
10334,F,Ship,4,1,166,5,low,F,9,4472
2987,C,Ship,5,1,236,3,medium,F,10,1347
6929,C,Ship,6,4,286,4,low,F, *7 ,1690
4936,B,Flight,3,2,178,3,low,M,4,5119
9759,A,Ship,4,2,202,3,medium,M, *7 ,5821
3353,C,Ship,4,3,244,2,low,M,10,4486
4618,B,Ship,4,4,168,4,medium,F,4,4676
446,F,Ship,4,4,189,2,medium,F,18,2955
6608,F,Ship,3,5,250,2,low,F,9,1205
1345,D,Road,3,4,147,3,low,F,2,1307
4454,F,Ship,4,4,106,2,low,F,10,5173
9006,F,Ship,4,3,245,4,medium,M,4,5940
6650,F,Ship,3,3,155,2,medium,F,5,5577
5858,F,Ship,4,3,218,5,low,M,2,4823
4133,C,Ship,4,5,165,3,high,M,5,4735
3225,A,Ship,3,4,117,3,low,F,6,4046
6011,C,Road,5,1,227,5,low,M, *7 ,1620
3875,C,Ship,2,5,176,3,low,F,4,5463
4316,F,Ship,4,3,151,3,medium,F,6,5379
8944,B,Ship,4,5,148,2,low,M,2,4883
4036,B,Ship,3,3,150,2,medium,M,6,4170
1407,A,Ship,4,1,153,4,low,M, *7 ,1130
6001,D,Ship,4,5,239,6,low,M,4,1451
9939,A,Ship,7,3,288,4,medium,M,3,1989
10668,F,Road,4,3,263,6,medium,M, *7 ,1123
1195,D,Ship,4,1,127,8,low,F,12,1519
8399,C,Ship,3,5,246,3,medium,M,1,5650
3525,A,Ship,3,4,182,2,medium,M, *7 ,4883
6198,F,Ship,4,2,268,4,low,F,3,5275
4876,B,Ship,4,5,234,3,medium,F,3,5142
7602,F,Ship,3,3,261,4,medium,F,4,4307
7696,B,Ship,4,4,222,3,medium,F,6,4199
10917,A,Ship,5,1,224,5,low,M,1,1600
9554,F,Ship,3,1,189,4,low,F,4,4785
5910,F,Ship,4,1,198,4,low,F,5,5182
265,D,Road,5,3,271,5,high,M,9,1813
9746,F,Ship,4,2,264,2,low,F,9,4490
4553,C,Ship,7,5,273,4,low,F, *7 ,1364
7974,F,Ship,5,3,218,5,low,F,9,4435
7939,D,Road,4,1,204,8,low,F, *7 ,5359
4066,B,Ship,5,4,227,2,medium,M,10,4734
5553,A,Ship,3,5,143,2,low,F,6,4253
4858,B,Ship,4,5,152,3,medium,M,5,5191
5809,D,Ship,2,1,197,4,low,M,5,4614
2725,D,Road,4,1,227,3,low,M,5,3100
584,F,Ship,5,5,182,3,medium,F,27,3039
10148,F,Flight,6,2,282,4,medium,F,9,1385
1939,D,Ship,3,2,220,3,low,M,22,2818
3748,B,Ship,2,3,187,2,medium,F,10,5957
8578,B,Ship,5,4,230,3,medium,M,6,4257
5802,F,Ship,6,5,176,3,low,F,10,5307
5881,D,Road,3,5,134,3,low,F,10,4693
7189,D,Ship,5,5,275,6,low,M,1,1507
5152,B,Ship,4,3,213,3,low,M,6,5447
9992,F,Road,3,1,256,3,low,F,5,5643
1650,F,Flight,3,4,204,3,medium,F,27,2772
7409,C,Flight,5,2,255,5,medium,M,4,1634
10323,A,Ship,2,1,96,2,high,F,9,4449
7464,F,Ship,5,5,266,5,medium,M, *7 ,1440
651,A,Ship,3,4,164,3,medium,M,13,1158
8302,B,Ship,5,3,226,2,high,F,2,4219
896,F,Ship,4,3,170,3,low,F,21,1588
3169,D,Ship,3,1,273,6,low,F,9,1198
1584,F,Ship,5,5,214,3,low,F,31,2033
6257,C,Ship,6,4,255,4,low,M, *7 ,1869
5375,C,Ship,3,1,219,2,medium,F,10,4390
9631,D,Ship,7,1,300,4,medium,F,10,1148
9323,C,Flight,5,2,159,3,low,M,5,4930
10911,A,Ship,5,5,264,8,high,F,10,5759
9804,F,Ship,3,4,244,3,medium,M,4,4458
7432,B,Ship,3,2,166,2,medium,M,6,4765
6644,F,Ship,5,1,183,3,low,F,10,5023
6017,C,Road,5,3,249,4,medium,M,1,1014
6407,C,Ship,4,2,212,3,medium,M,3,5427
10022,F,Ship,4,5,268,2,low,M,2,4721
8001,A,Ship,5,2,239,5,low,M,1,1518
7563,A,Ship,4,4,171,2,low,M, *7 ,5190
7721,C,Ship,7,1,285,4,low,M,2,1516
10845,A,Ship,5,2,150,3,medium,F, *7 ,5980
6770,F,Ship,5,5,195,4,low,F,1,4393
5267,C,Ship,6,2,304,5,medium,M,6,1178
9896,F,Ship,6,1,155,5,medium,F, *7 ,4882
7711,D,Ship,5,3,250,4,medium,F,4,1111
6369,A,Ship,4,2,247,4,high,F,9,4588
7955,C,Flight,5,1,239,5,low,F, *7 ,1859
4241,C,Road,3,1,235,4,high,M, *7 ,4833
6270,F,Ship,7,4,302,5,medium,M, *7 ,1503
5774,F,Ship,6,5,257,4,medium,F,1,1957
10048,B,Ship,5,4,239,3,low,F, *7 ,4960
3847,D,Flight,3,4,156,3,medium,M, *7 ,4636
6992,F,Flight,4,5,138,2,low,M,10,4788
4530,F,Flight,4,5,142,10,high,F,5,4147
1328,F,Ship,4,5,113,6,medium,M,25,1538
2880,F,Flight,4,1,195,2,medium,M,19,2878
4418,F,Ship,3,2,207,2,low,M,9,4671
8066,F,Road,2,3,133,4,low,F,5,5989
5032,B,Ship,6,4,294,4,medium,M,6,1112
2182,B,Road,3,3,151,3,low,F,24,1139
188,F,Ship,2,1,222,2,medium,M,5,3778
9861,A,Flight,3,2,247,3,low,M,3,4338
3212,F,Ship,3,5,251,2,low,M,4,4015
10019,C,Ship,3,2,247,3,medium,M, *7 ,5194
7378,B,Road,3,5,166,2,medium,M,6,4523
7923,A,Road,4,5,169,4,low,M,5,5347
6577,D,Flight,6,5,260,4,low,F,2,1221
3260,F,Ship,3,3,202,3,medium,F, *7 ,5486
6250,B,Ship,5,4,258,2,low,F, *7 ,4200
5692,B,Ship,4,1,216,2,low,F,5,5059
8559,A,Ship,6,1,275,4,low,M, *7 ,1767
900,F,Ship,4,3,206,3,medium,F,20,2247
9274,B,Ship,3,3,150,3,medium,M,9,5852
3674,F,Road,4,1,153,2,medium,M,9,4359
3752,F,Ship,3,2,195,2,medium,M, *7 ,4365
10749,A,Ship,5,4,229,5,low,M,9,1069
6015,A,Road,2,3,211,3,low,F, *7 ,1172
10036,B,Ship,3,3,219,3,high,M,5,4321
3476,F,Ship,6,4,100,5,low,F, *7 ,5668
7551,A,Flight,3,3,217,2,high,F,9,5554
8015,C,Ship,4,1,263,5,low,M, *7 ,1426
5072,F,Flight,4,5,228,4,low,M,4,4750
9469,D,Flight,4,4,156,2,medium,F, *7 ,5938
6911,C,Ship,5,5,240,5,medium,M,10,1574
10652,F,Ship,3,4,222,3,low,M,6,5819
7859,C,Ship,2,3,239,6,medium,M,4,4022
10600,B,Ship,3,1,226,3,medium,F, *7 ,5000
8960,F,Ship,5,1,167,3,low,M,9,4660
3003,A,Road,3,1,274,3,low,M,4,2087
10164,F,Ship,6,1,269,6,medium,F,2,5363
10617,A,Ship,4,2,253,3,medium,F, *7 ,5813
10339,D,Ship,3,3,227,2,high,M,5,4269
7391,C,Road,3,5,223,7,high,M, *7 ,4178
364,B,Ship,4,3,187,4,high,F,29,3141
7292,F,Ship,4,4,194,4,low,F,10,5024
10107,A,Ship,4,2,199,3,low,M, *7 ,5342
9493,D,Ship,5,2,169,5,medium,F,2,4542
4405,D,Ship,3,4,246,3,low,M,1,4020
5911,D,Ship,4,3,257,3,low,F,2,5198
3838,B,Flight,6,5,212,2,low,F,5,4804
9260,F,Ship,5,4,136,3,medium,M,4,5413
7427,C,Ship,2,3,130,4,medium,M,10,4363
10020,F,Ship,4,4,145,2,medium,M,9,5070
7902,F,Ship,5,2,182,3,low,F,10,4128
212,F,Ship,2,5,154,3,low,F,21,1113
8276,F,Ship,5,4,262,3,medium,F,6,4428
9757,D,Ship,5,1,135,3,low,F,10,5301
8777,C,Flight,3,1,101,3,medium,M, *7 ,4275
10106,F,Ship,5,5,265,3,low,M,3,5637
4130,F,Ship,4,4,192,2,low,M, *7 ,4151
10049,C,Ship,3,1,171,4,medium,F,6,5398
8837,C,Ship,6,4,258,4,low,M,9,1104
8823,A,Ship,4,4,239,5,low,F,6,1239
4893,A,Ship,5,1,246,3,low,F,3,5013
6280,B,Road,6,1,286,4,low,F,3,1747
2370,F,Ship,4,5,144,3,low,M,9,1526
10126,B,Road,4,1,147,2,low,M, *7 ,4600
4801,D,Flight,7,1,291,4,low,M,2,1216
4522,B,Flight,3,3,260,4,low,M, *7 ,5595
3915,A,Ship,3,1,139,5,medium,F,5,4572
2920,B,Ship,4,1,147,3,medium,M,32,1666
7173,A,Ship,5,3,245,5,low,F,3,1409
4469,C,Ship,3,1,193,3,medium,M,3,5154
9141,A,Ship,6,1,282,4,low,M, *7 ,1758
8657,C,Ship,7,5,265,4,low,F,1,1601
7499,C,Ship,5,5,249,5,medium,M,5,1662
4951,D,Ship,3,3,165,4,medium,M,3,4235
2841,A,Ship,4,4,149,2,medium,F,19,1665
412,B,Flight,3,4,200,2,medium,M,14,3528
6851,C,Flight,3,3,180,7,medium,F,4,5068
2488,B,Ship,5,2,132,2,medium,M, *7 ,1665
4854,F,Ship,4,2,159,3,low,M,5,4985
1630,B,Road,3,2,150,3,medium,M,29,1354
6018,F,Road,6,3,269,4,low,M,3,1006
5936,F,Ship,4,1,271,4,low,M,9,5853
10450,B,Ship,4,3,233,5,low,M,5,1799
5408,F,Ship,3,3,192,3,low,F,1,4180
9803,C,Ship,4,2,204,3,medium,F,3,4001
4303,D,Ship,4,1,159,3,low,M,4,4574
6000,F,Ship,6,3,244,4,medium,M,5,1108
6965,C,Road,2,4,108,5,high,M,5,4874
10367,C,Ship,4,3,160,2,low,M,9,5940
5249,C,Ship,4,1,229,4,medium,F,2,5378
9283,D,Ship,2,3,192,3,low,M,4,5524
2693,C,Ship,4,2,191,3,medium,F,12,3676
10501,D,Ship,4,1,247,3,low,M,5,5636
510,F,Ship,5,2,235,3,low,M,14,2984
5559,A,Ship,4,3,148,4,low,F,1,4243
3245,C,Ship,3,2,231,4,medium,M,4,5510
4952,F,Ship,5,4,250,2,low,F,10,4277
10129,D,Road,5,2,130,4,high,M,4,4371
9975,A,Road,5,2,192,2,low,M,5,4046
10677,A,Road,2,4,273,4,low,F, *7 ,4743
10580,F,Ship,5,2,176,4,low,M,10,5532
1558,B,Ship,4,1,148,3,low,M,30,1731
9377,C,Ship,5,4,235,4,low,M,10,4880
8100,F,Flight,5,1,282,5,low,M,6,5182
2338,B,Flight,3,4,226,3,medium,F,22,3593
1564,B,Ship,3,1,145,2,high,M,25,1851
9267,A,Ship,3,3,217,3,medium,M,10,5439
1529,C,Ship,4,5,146,4,low,F,25,1606
10824,F,Flight,5,5,203,2,low,M,10,4790
8265,A,Ship,7,1,281,4,low,F,9,1235
7772,F,Ship,3,3,167,4,medium,M,1,5301
5898,F,Flight,5,4,151,5,low,F,1,4122
8553,A,Ship,4,4,228,5,low,F,1,1788
4419,A,Ship,3,1,238,3,medium,F,5,4399
748,B,Ship,4,4,177,2,low,M,6,1112
6704,F,Road,4,2,181,3,low,M,10,4212
5329,D,Road,2,4,201,2,high,M,2,5115
5355,A,Flight,4,5,140,5,medium,F,3,4191
6096,F,Ship,6,4,195,5,high,F,10,4225
9229,D,Ship,4,5,190,3,medium,M,6,4671
5068,B,Flight,4,5,192,4,low,F,10,4691
7880,F,Ship,4,3,196,3,low,M,10,4433
8832,F,Ship,5,5,245,5,low,M,5,1381
3077,C,Ship,3,3,149,2,medium,M, *7 ,1145
10098,F,Ship,4,4,224,4,medium,F,2,4503
1247,C,Flight,6,2,271,5,low,M,14,2514
8194,B,Road,4,2,189,2,medium,M,5,4374
1100,F,Flight,4,3,163,2,low,F,12,1092
6503,C,Ship,5,1,249,5,medium,M,10,1561
2396,F,Ship,3,3,179,3,medium,F,12,1125
3724,B,Ship,3,2,226,3,medium,M,3,4940
10533,A,Road,5,2,146,2,low,M,2,4075
5798,F,Ship,3,1,183,3,medium,M, *7 ,5849
2121,A,Ship,5,4,177,2,low,M,14,1735
8362,B,Flight,4,1,234,6,low,M, *7 ,1711
3341,C,Ship,4,3,186,2,low,M, *7 ,4947
8990,F,Ship,4,4,174,2,low,F,1,4541
10086,F,Ship,4,5,217,3,low,F,3,5380
4477,D,Ship,3,3,197,2,medium,M,10,5255
7918,B,Ship,3,3,264,3,low,M,3,4970
6302,F,Flight,5,3,245,5,medium,M,3,1851
1864,B,Ship,4,1,192,3,medium,F,29,3347
5685,A,Ship,3,1,212,3,medium,M,10,5759
10356,F,Ship,3,5,171,3,medium,F, *7 ,5318
6723,A,Flight,4,4,193,3,medium,F,3,4596
5236,B,Ship,5,2,249,3,high,F, *7 ,5000
6860,F,Flight,5,4,259,5,low,M,10,1177
4363,D,Road,4,3,217,2,medium,F,2,5442
4728,F,Ship,4,5,259,2,medium,F,4,4092
7616,F,Ship,4,4,175,3,low,M, *7 ,5944
9303,A,Road,3,3,237,3,medium,M,6,4918
10267,D,Road,3,4,138,5,medium,F,5,5690
9215,C,Ship,4,2,156,3,low,F,1,5361
1886,F,Ship,5,3,123,2,low,F,30,1068
10246,B,Ship,5,5,197,4,low,F, *7 ,4141
